dep_iata,dep_country,source_market,carrier_type,arr_iata,target_airport,airline_iata,flight_iata,dep_time,arr_time,jours_operation
ABZ,GB,UK,autre,CDG,Paris Charles de Gaulle,EC,EC4636,07:55,10:50,
ABZ,GB,UK,autre,CDG,Paris Charles de Gaulle,EC,EC4636,13:50,16:45,
ABZ,GB,UK,réseau/hybride,CDG,Paris Charles de Gaulle,U2,U24636,07:55,10:50,
ABZ,GB,UK,réseau/hybride,CDG,Paris Charles de Gaulle,U2,U24636,13:50,16:45,
ACE,ES,Espagne,autre,CDG,Paris Charles de Gaulle,EC,EC4578,18:20,23:15,
ACE,ES,Espagne,autre,CDG,Paris Charles de Gaulle,EC,EC4578,18:35,23:30,
ACE,ES,Espagne,réseau/hybride,CDG,Paris Charles de Gaulle,U2,U24578,18:20,23:15,
ACE,ES,Espagne,réseau/hybride,CDG,Paris Charles de Gaulle,U2,U24578,18:35,23:30,
AGP,ES,Espagne,autre,CDG,Paris Charles de Gaulle,A5,A51729,19:30,22:05,
AGP,ES,Espagne,réseau/hybride,CDG,Paris Charles de Gaulle,AF,AF1729,19:30,22:05,
AGP,ES,Espagne,réseau/hybride,CDG,Paris Charles de Gaulle,AF,AF1747,12:40,15:15,
AGP,ES,Espagne,réseau/hybride,CDG,Paris Charles de Gaulle,AF,AF1749,05:55,08:35,
AGP,ES,Espagne,réseau/hybride,CDG,Paris Charles de Gaulle,AF,AF1749,06:00,08:40,
AGP,ES,Espagne,autre,CDG,Paris Charles de Gaulle,DL,DL8264,05:55,08:35,
AGP,ES,Espagne,autre,CDG,Paris Charles de Gaulle,DL,DL8264,06:00,08:40,
AGP,ES,Espagne,autre,CDG,Paris Charles de Gaulle,DL,DL8286,12:40,15:15,
AGP,ES,Espagne,autre,CDG,Paris Charles de Gaulle,WS,WS5100,05:55,08:35,
AGP,ES,Espagne,autre,CDG,Paris Charles de Gaulle,WS,WS5100,06:00,08:40,
AJA,FR,France,réseau/hybride,CDG,Paris Charles de Gaulle,AF,AF9445,10:30,12:25,
AJA,FR,France,autre,CDG,Paris Charles de Gaulle,DL,DL8663,10:30,12:25,
AJA,FR,France,autre,CDG,Paris Charles de Gaulle,EC,EC4506,09:20,11:10,
AJA,FR,France,autre,CDG,Paris Charles de Gaulle,EC,EC4506,14:25,16:15,
AJA,FR,France,autre,CDG,Paris Charles de Gaulle,EC,EC4506,16:05,17:55,
AJA,FR,France,autre,CDG,Paris Charles de Gaulle,EC,EC4508,14:55,16:45,
AJA,FR,France,réseau/hybride,CDG,Paris Charles de Gaulle,U2,U24506,09:20,11:10,
LHR,GB,UK,réseau/hybride,CDG,Paris Charles de Gaulle,AF,AF9387,12:00,14:15,
LHR,GB,UK,autre,CDG,Paris Charles de Gaulle,AM,AM5816,11:30,13:50,
LHR,GB,UK,autre,CDG,Paris Charles de Gaulle,AM,AM6021,06:15,08:40,
LHR,GB,UK,autre,CDG,Paris Charles de Gaulle,AM,AM6022,08:55,11:15,
LHR,GB,UK,autre,CDG,Paris Charles de Gaulle,AM,AM6044,19:45,22:00,
LHR,GB,UK,autre,CDG,Paris Charles de Gaulle,AM,AM6045,17:35,19:55,
LHR,GB,UK,autre,CDG,Paris Charles de Gaulle,AM,AM6046,14:45,17:05,
LHR,GB,UK,autre,CDG,Paris Charles de Gaulle,AM,AM6046,15:20,17:40,
LHR,GB,UK,autre,CDG,Paris Charles de Gaulle,AM,AM6046,15:25,17:45,
LHR,GB,UK,autre,CDG,Paris Charles de Gaulle,AS,AS5316,18:20,20:35,
LHR,GB,UK,autre,CDG,Paris Charles de Gaulle,AS,AS5316,18:30,20:45,
LHR,GB,UK,autre,CDG,Paris Charles de Gaulle,AS,AS5316,19:05,21:20,
LHR,GB,UK,autre,CDG,Paris Charles de Gaulle,AS,AS5317,20:35,22:45,
LHR,GB,UK,autre,CDG,Paris Charles de Gaulle,AS,AS5317,20:40,22:50,
LHR,GB,UK,autre,CDG,Paris Charles de Gaulle,AS,AS5317,20:45,22:55,
LHR,GB,UK,autre,CDG,Paris Charles de Gaulle,AS,AS5317,21:00,23:10,
LHR,GB,UK,réseau/hybride,CDG,Paris Charles de Gaulle,BA,BA300,06:45,09:00,
LHR,GB,UK,réseau/hybride,CDG,Paris Charles de Gaulle,BA,BA300,07:15,09:30,
LHR,GB,UK,réseau/hybride,CDG,Paris Charles de Gaulle,BA,BA300,07:20,09:35,
LHR,GB,UK,réseau/hybride,CDG,Paris Charles de Gaulle,BA,BA302,08:25,10:40,
LHR,GB,UK,réseau/hybride,CDG,Paris Charles de Gaulle,BA,BA302,08:40,10:55,
LHR,GB,UK,réseau/hybride,CDG,Paris Charles de Gaulle,BA,BA302,08:45,11:00,
LHR,GB,UK,réseau/hybride,CDG,Paris Charles de Gaulle,BA,BA304,10:45,13:05,
LHR,GB,UK,réseau/hybride,CDG,Paris Charles de Gaulle,BA,BA304,11:05,13:25,
LHR,GB,UK,réseau/hybride,CDG,Paris Charles de Gaulle,BA,BA304,11:15,13:35,
LHR,GB,UK,réseau/hybride,CDG,Paris Charles de Gaulle,BA,BA304,11:45,14:05,
LHR,GB,UK,réseau/hybride,CDG,Paris Charles de Gaulle,BA,BA306,12:50,15:10,
LHR,GB,UK,réseau/hybride,CDG,Paris Charles de Gaulle,BA,BA306,13:10,15:30,
LHR,GB,UK,réseau/hybride,CDG,Paris Charles de Gaulle,BA,BA306,13:30,15:50,
LHR,GB,UK,réseau/hybride,CDG,Paris Charles de Gaulle,BA,BA306,13:55,16:15,
LHR,GB,UK,réseau/hybride,CDG,Paris Charles de Gaulle,BA,BA308,14:20,16:40,
LHR,GB,UK,réseau/hybride,CDG,Paris Charles de Gaulle,BA,BA308,15:05,17:30,
LHR,GB,UK,réseau/hybride,CDG,Paris Charles de Gaulle,BA,BA308,15:45,18:10,
LHR,GB,UK,réseau/hybride,CDG,Paris Charles de Gaulle,BA,BA308,16:15,18:40,
LHR,GB,UK,réseau/hybride,CDG,Paris Charles de Gaulle,BA,BA308,17:10,19:35,
LHR,GB,UK,réseau/hybride,CDG,Paris Charles de Gaulle,BA,BA310,13:40,16:00,
LHR,GB,UK,réseau/hybride,CDG,Paris Charles de Gaulle,BA,BA310,16:30,18:55,
LHR,GB,UK,réseau/hybride,CDG,Paris Charles de Gaulle,BA,BA312,18:20,20:35,
LHR,GB,UK,réseau/hybride,CDG,Paris Charles de Gaulle,BA,BA312,18:30,20:45,
LHR,GB,UK,réseau/hybride,CDG,Paris Charles de Gaulle,BA,BA312,19:05,21:20,
LHR,GB,UK,réseau/hybride,CDG,Paris Charles de Gaulle,BA,BA314,20:35,22:45,
LHR,GB,UK,réseau/hybride,CDG,Paris Charles de Gaulle,BA,BA314,20:40,22:50,
LHR,GB,UK,réseau/hybride,CDG,Paris Charles de Gaulle,BA,BA314,20:45,22:55,
LHR,GB,UK,réseau/hybride,CDG,Paris Charles de Gaulle,BA,BA314,21:00,23:10,
LHR,GB,UK,réseau/hybride,CDG,Paris Charles de Gaulle,BA,BA316,18:00,20:15,
LHR,GB,UK,autre,CDG,Paris Charles de Gaulle,DL,DL8260,11:30,13:50,
LHR,GB,UK,autre,CDG,Paris Charles de Gaulle,DL,DL8273,11:30,13:50,
LHR,GB,UK,autre,CDG,Paris Charles de Gaulle,DL,DL8294,14:45,17:05,
LHR,GB,UK,autre,CDG,Paris Charles de Gaulle,DL,DL8306,11:30,13:50,
LHR,GB,UK,autre,CDG,Paris Charles de Gaulle,DL,DL8306,15:20,17:40,
ACE,ES,Espagne,réseau/hybride,ORY,Paris Orly,IB,IB5161,10:45,15:30,
ACE,ES,Espagne,réseau/hybride,ORY,Paris Orly,IB,IB5161,17:05,21:55,
ACE,ES,Espagne,réseau/hybride,ORY,Paris Orly,IB,IB5161,17:10,22:00,
ACE,ES,Espagne,autre,ORY,Paris Orly,TO,TO4661,09:45,14:30,
ACE,ES,Espagne,autre,ORY,Paris Orly,TO,TO4661,09:50,14:35,
ACE,ES,Espagne,autre,ORY,Paris Orly,TO,TO4661,12:40,17:25,
ACE,ES,Espagne,réseau/hybride,ORY,Paris Orly,VY,VY6188,10:45,15:30,
ACE,ES,Espagne,réseau/hybride,ORY,Paris Orly,VY,VY6188,17:05,21:55,
ACE,ES,Espagne,réseau/hybride,ORY,Paris Orly,VY,VY6188,17:10,22:00,
AGP,ES,Espagne,réseau/hybride,ORY,Paris Orly,IB,IB5213,14:50,17:25,
AGP,ES,Espagne,réseau/hybride,ORY,Paris Orly,IB,IB5213,17:40,20:15,
AGP,ES,Espagne,réseau/hybride,ORY,Paris Orly,IB,IB5213,19:15,21:45,
AGP,ES,Espagne,réseau/hybride,ORY,Paris Orly,IB,IB5213,19:45,22:15,
AGP,ES,Espagne,réseau/hybride,ORY,Paris Orly,IB,IB5215,15:05,17:40,
AGP,ES,Espagne,réseau/hybride,ORY,Paris Orly,IB,IB5215,17:50,20:25,
AGP,ES,Espagne,réseau/hybride,ORY,Paris Orly,IB,IB5215,20:05,22:35,
AGP,ES,Espagne,réseau/hybride,ORY,Paris Orly,IB,IB5217,09:55,12:30,
AGP,ES,Espagne,réseau/hybride,ORY,Paris Orly,IB,IB5217,10:25,13:00,
AGP,ES,Espagne,réseau/hybride,ORY,Paris Orly,IB,IB5217,10:35,13:10,
AGP,ES,Espagne,réseau/hybride,ORY,Paris Orly,IB,IB5217,19:35,22:05,
AGP,ES,Espagne,réseau/hybride,ORY,Paris Orly,IB,IB5221,06:50,09:20,
AGP,ES,Espagne,réseau/hybride,ORY,Paris Orly,IB,IB5221,17:15,19:50,
AGP,ES,Espagne,autre,ORY,Paris Orly,QR,QR3663,19:35,22:05,
AGP,ES,Espagne,autre,ORY,Paris Orly,QR,QR3665,19:15,21:45,
AGP,ES,Espagne,autre,ORY,Paris Orly,QR,QR3762,17:40,20:15,
AGP,ES,Espagne,autre,ORY,Paris Orly,QR,QR3762,19:15,21:45,
AGP,ES,Espagne,low-cost Beauvais,BVA,Paris Beauvais,FR,FR540,10:00,12:30,
AGP,ES,Espagne,low-cost Beauvais,BVA,Paris Beauvais,FR,FR540,15:10,17:40,
AGP,ES,Espagne,low-cost Beauvais,BVA,Paris Beauvais,FR,FR540,18:15,20:45,
ALC,ES,Espagne,low-cost Beauvais,BVA,Paris Beauvais,FR,FR9034,08:10,10:30,
ALC,ES,Espagne,low-cost Beauvais,BVA,Paris Beauvais,FR,FR9034,13:00,15:20,
ALC,ES,Espagne,low-cost Beauvais,BVA,Paris Beauvais,FR,FR9034,13:25,15:45,
ALC,ES,Espagne,low-cost Beauvais,BVA,Paris Beauvais,FR,FR9034,17:35,19:55,
ALC,ES,Espagne,low-cost Beauvais,BVA,Paris Beauvais,FR,FR9034,18:40,21:00,
BCN,ES,Espagne,low-cost Beauvais,BVA,Paris Beauvais,FR,FR3121,06:45,08:45,
BCN,ES,Espagne,low-cost Beauvais,BVA,Paris Beauvais,FR,FR3121,08:20,10:20,
BCN,ES,Espagne,low-cost Beauvais,BVA,Paris Beauvais,FR,FR3121,11:10,13:05,
BCN,ES,Espagne,low-cost Beauvais,BVA,Paris Beauvais,FR,FR3121,13:40,15:40,
BCN,ES,Espagne,low-cost Beauvais,BVA,Paris Beauvais,FR,FR3121,16:00,18:00,
BCN,ES,Espagne,low-cost Beauvais,BVA,Paris Beauvais,FR,FR3121,16:35,18:35,
BCN,ES,Espagne,low-cost Beauvais,BVA,Paris Beauvais,FR,FR6374,14:15,16:15,
BCN,ES,Espagne,low-cost Beauvais,BVA,Paris Beauvais,FR,FR6374,15:55,17:55,
BCN,ES,Espagne,autre,BVA,Paris Beauvais,MW,MW6374,14:15,16:15,
BDS,IT,Italie,low-cost Beauvais,BVA,Paris Beauvais,FR,FR3225,13:45,16:25,
BDS,IT,Italie,low-cost Beauvais,BVA,Paris Beauvais,FR,FR3225,18:15,20:55,
BDS,IT,Italie,low-cost Beauvais,BVA,Paris Beauvais,FR,FR3225,19:20,22:00,
BDS,IT,Italie,autre,BVA,Paris Beauvais,MW,MW3225,13:45,16:25,
BDS,IT,Italie,autre,BVA,Paris Beauvais,MW,MW3225,18:15,20:55,
BDS,IT,Italie,autre,BVA,Paris Beauvais,MW,MW3225,19:20,22:00,
BFS,GB,UK,autre,BVA,Paris Beauvais,RK,RK9609,11:25,14:00,
BFS,GB,UK,autre,BVA,Paris Beauvais,RK,RK9609,14:40,17:15,
BGY,IT,Italie,low-cost Beauvais,BVA,Paris Beauvais,FR,FR3432,05:45,07:20,
BGY,IT,Italie,low-cost Beauvais,BVA,Paris Beauvais,FR,FR3432,06:30,08:05,
BGY,IT,Italie,low-cost Beauvais,BVA,Paris Beauvais,FR,FR3432,07:00,08:35,
BGY,IT,Italie,low-cost Beauvais,BVA,Paris Beauvais,FR,FR3432,07:15,08:50,
BGY,IT,Italie,low-cost Beauvais,BVA,Paris Beauvais,FR,FR3432,07:40,09:15,
BGY,IT,Italie,low-cost Beauvais,BVA,Paris Beauvais,FR,FR3432,10:25,12:00,
BGY,IT,Italie,low-cost Beauvais,BVA,Paris Beauvais,FR,FR3432,15:50,17:25,
BGY,IT,Italie,low-cost Beauvais,BVA,Paris Beauvais,FR,FR3501,16:25,18:00,
BGY,IT,Italie,low-cost Beauvais,BVA,Paris Beauvais,FR,FR3501,20:10,21:45,
BGY,IT,Italie,low-cost Beauvais,BVA,Paris Beauvais,FR,FR3501,20:25,22:00,
