semaine_debut,semaine_fin,nb_marches_actifs,marches_actifs,index_superposition,intensite,zones_detail,piste1_disponible,signal_consolide
2026-06-01,2026-06-07,1,Italie,0.07,Faible — 1 marché actif,Italie — Nord (Emilia-Romagna),oui,0.07
2026-06-08,2026-06-14,1,Italie,0.17,Faible — 1 marché actif,Italie — Nord (Emilia-Romagna) | Italie — Centre/Sud (majorité régions),oui,0.17
2026-06-15,2026-06-21,2,Espagne+Italie,0.38,Modéré — 2 marchés alignés,Italie — Nord (Emilia-Romagna) | Italie — Centre/Sud (majorité régions) | Italie — Nord-Est (South Tyrol) | Espagne — Madrid | Espagne — Catalogne | Espagne — Baléares (départ tardif),oui,0.38
2026-06-22,2026-06-28,2,Espagne+Italie,0.38,Modéré — 2 marchés alignés,Italie — Nord (Emilia-Romagna) | Italie — Centre/Sud (majorité régions) | Italie — Nord-Est (South Tyrol) | Espagne — Madrid | Espagne — Catalogne | Espagne — Baléares (départ tardif),oui,0.38
2026-06-29,2026-07-05,4,Espagne+France+Italie+UK,0.813,Fort — 3 marchés alignés,France — Toutes zones | Italie — Nord (Emilia-Romagna) | Italie — Centre/Sud (majorité régions) | Italie — Nord-Est (South Tyrol) | Espagne — Madrid | Espagne — Catalogne | Espagne — Baléares (départ tardif) | UK — Écosse (départ précoce),oui,0.813
2026-07-06,2026-07-12,4,Espagne+France+Italie+UK,0.813,Fort — 3 marchés alignés,France — Toutes zones | Italie — Nord (Emilia-Romagna) | Italie — Centre/Sud (majorité régions) | Italie — Nord-Est (South Tyrol) | Espagne — Madrid | Espagne — Catalogne | Espagne — Baléares (départ tardif) | UK — Écosse (départ précoce),oui,0.813
2026-07-13,2026-07-19,4,Espagne+France+Italie+UK,0.813,Fort — 3 marchés alignés,France — Toutes zones | Italie — Nord (Emilia-Romagna) | Italie — Centre/Sud (majorité régions) | Italie — Nord-Est (South Tyrol) | Espagne — Madrid | Espagne — Catalogne | Espagne — Baléares (départ tardif) | UK — Écosse (départ précoce),oui,0.813
2026-07-20,2026-07-26,4,Espagne+France+Italie+UK,1.0,Pic — 4 marchés alignés,France — Toutes zones | Italie — Nord (Emilia-Romagna) | Italie — Centre/Sud (majorité régions) | Italie — Nord-Est (South Tyrol) | Espagne — Madrid | Espagne — Catalogne | Espagne — Baléares (départ tardif) | UK — England & Wales | UK — Écosse (départ précoce),oui,1.0
2026-07-27,2026-08-02,4,Espagne+France+Italie+UK,1.0,Pic — 4 marchés alignés,France — Toutes zones | Italie — Nord (Emilia-Romagna) | Italie — Centre/Sud (majorité régions) | Italie — Nord-Est (South Tyrol) | Espagne — Madrid | Espagne — Catalogne | Espagne — Baléares (départ tardif) | UK — England & Wales | UK — Écosse (départ précoce),oui,1.0
2026-08-03,2026-08-09,4,Espagne+France+Italie+UK,1.0,Pic — 4 marchés alignés,France — Toutes zones | Italie — Nord (Emilia-Romagna) | Italie — Centre/Sud (majorité régions) | Italie — Nord-Est (South Tyrol) | Espagne — Madrid | Espagne — Catalogne | Espagne — Baléares (départ tardif) | UK — England & Wales | UK — Écosse (départ précoce),oui,1.0
2026-08-10,2026-08-16,4,Espagne+France+Italie+UK,1.0,Pic — 4 marchés alignés,France — Toutes zones | Italie — Nord (Emilia-Romagna) | Italie — Centre/Sud (majorité régions) | Italie — Nord-Est (South Tyrol) | Espagne — Madrid | Espagne — Catalogne | Espagne — Baléares (départ tardif) | UK — England & Wales | UK — Écosse (départ précoce),oui,1.0
2026-08-17,2026-08-23,4,Espagne+France+Italie+UK,0.967,Pic — 4 marchés alignés,France — Toutes zones | Italie — Nord (Emilia-Romagna) | Italie — Centre/Sud (majorité régions) | Italie — Nord-Est (South Tyrol) | Espagne — Madrid | Espagne — Catalogne | Espagne — Baléares (départ tardif) | UK — England & Wales,oui,0.967
2026-08-24,2026-08-30,4,Espagne+France+Italie+UK,0.967,Pic — 4 marchés alignés,France — Toutes zones | Italie — Nord (Emilia-Romagna) | Italie — Centre/Sud (majorité régions) | Italie — Nord-Est (South Tyrol) | Espagne — Madrid | Espagne — Catalogne | Espagne — Baléares (départ tardif) | UK — England & Wales,oui,0.967
2026-08-31,2026-09-06,4,Espagne+France+Italie+UK,0.967,Pic — 4 marchés alignés,France — Toutes zones | Italie — Nord (Emilia-Romagna) | Italie — Centre/Sud (majorité régions) | Italie — Nord-Est (South Tyrol) | Espagne — Madrid | Espagne — Catalogne | Espagne — Baléares (départ tardif) | UK — England & Wales,oui,0.967
2026-09-07,2026-09-13,1,Espagne,0.036,Faible — 1 marché actif,Espagne — Baléares (départ tardif),oui,0.036
2026-09-14,2026-09-20,0,—,0.0,Hors saison,—,oui,0.0
2026-09-21,2026-09-27,0,—,0.0,Hors saison,—,oui,0.0
2026-09-28,2026-10-04,0,—,0.0,Hors saison,—,oui,0.0
