semaine_debut,semaine_fin,iso_week,saison_index,label_saison,source
2026-06-01,2026-06-07,23,0.78,Haute saison,Calibré ADP 2022-2024
2026-06-08,2026-06-14,24,0.78,Haute saison,Calibré ADP 2022-2024
2026-06-15,2026-06-21,25,0.78,Haute saison,Calibré ADP 2022-2024
2026-06-22,2026-06-28,26,0.78,Haute saison,Calibré ADP 2022-2024
2026-06-29,2026-07-05,27,0.78,Haute saison,Calibré ADP 2022-2024
2026-07-06,2026-07-12,28,0.92,Pic saisonnier,Calibré ADP 2022-2024
2026-07-13,2026-07-19,29,0.92,Pic saisonnier,Calibré ADP 2022-2024
2026-07-20,2026-07-26,30,0.92,Pic saisonnier,Calibré ADP 2022-2024
2026-07-27,2026-08-02,31,0.92,Pic saisonnier,Calibré ADP 2022-2024
2026-08-03,2026-08-09,32,1.0,Pic saisonnier,Calibré ADP 2022-2024
2026-08-10,2026-08-16,33,1.0,Pic saisonnier,Calibré ADP 2022-2024
2026-08-17,2026-08-23,34,1.0,Pic saisonnier,Calibré ADP 2022-2024
2026-08-24,2026-08-30,35,1.0,Pic saisonnier,Calibré ADP 2022-2024
2026-08-31,2026-09-06,36,1.0,Pic saisonnier,Calibré ADP 2022-2024
2026-09-07,2026-09-13,37,0.72,Haute saison,Calibré ADP 2022-2024
2026-09-14,2026-09-20,38,0.72,Haute saison,Calibré ADP 2022-2024
2026-09-21,2026-09-27,39,0.72,Haute saison,Calibré ADP 2022-2024
2026-09-28,2026-10-04,40,0.72,Haute saison,Calibré ADP 2022-2024
2026-10-05,2026-10-11,41,0.55,Saison intermédiaire,Calibré ADP 2022-2024
2026-10-12,2026-10-18,42,0.55,Saison intermédiaire,Calibré ADP 2022-2024
2026-10-19,2026-10-25,43,0.65,Haute saison,Calibré ADP 2022-2024
2026-10-26,2026-11-01,44,0.55,Saison intermédiaire,Calibré ADP 2022-2024
