semaine_debut,semaine_fin,nb_courses,segment,aeroport,marche_source,nb_passagers,notes
2026-06-01,2026-06-07,8,navette,CDG+ORY,,18,DEMO
2026-06-08,2026-06-14,20,navette,CDG+ORY,,46,DEMO
2026-06-15,2026-06-21,45,navette,CDG+ORY,,103,DEMO
2026-06-22,2026-06-28,49,navette,CDG+ORY,,113,DEMO
2026-06-29,2026-07-05,96,navette,CDG+ORY,,221,DEMO
2026-07-06,2026-07-12,80,navette,CDG+ORY,,184,DEMO
2026-07-13,2026-07-19,101,navette,CDG+ORY,,232,DEMO
2026-07-20,2026-07-26,116,navette,CDG+ORY,,267,DEMO
2026-07-27,2026-08-02,117,navette,CDG+ORY,,269,DEMO
2026-08-03,2026-08-09,122,navette,CDG+ORY,,281,DEMO
2026-08-10,2026-08-16,123,navette,CDG+ORY,,283,DEMO
2026-08-17,2026-08-23,132,navette,CDG+ORY,,304,DEMO
2026-08-24,2026-08-30,125,navette,CDG+ORY,,288,DEMO
2026-08-31,2026-09-06,118,navette,CDG+ORY,,271,DEMO
2026-09-07,2026-09-13,4,navette,CDG+ORY,,9,DEMO
2026-09-14,2026-09-20,0,navette,CDG+ORY,,0,DEMO
2026-09-21,2026-09-27,0,navette,CDG+ORY,,0,DEMO
2026-09-28,2026-10-04,0,navette,CDG+ORY,,0,DEMO
