semaine_debut,semaine_fin,airport,airport_label,rain_mm,temp_c,meteo_impact,label_meteo,source
2026-06-01,2026-06-07,CDG,Charles-de-Gaulle,18,20,0.05,Favorable,Calibré historique Paris 2022-2024
2026-06-01,2026-06-07,ORY,Orly,18,20,0.05,Favorable,Calibré historique Paris 2022-2024
2026-06-01,2026-06-07,BVA,Beauvais-Tillé,18,20,0.05,Favorable,Calibré historique Paris 2022-2024
2026-06-08,2026-06-14,CDG,Charles-de-Gaulle,18,20,0.05,Favorable,Calibré historique Paris 2022-2024
2026-06-08,2026-06-14,ORY,Orly,18,20,0.05,Favorable,Calibré historique Paris 2022-2024
2026-06-08,2026-06-14,BVA,Beauvais-Tillé,18,20,0.05,Favorable,Calibré historique Paris 2022-2024
2026-06-15,2026-06-21,CDG,Charles-de-Gaulle,18,20,0.05,Favorable,Calibré historique Paris 2022-2024
2026-06-15,2026-06-21,ORY,Orly,18,20,0.05,Favorable,Calibré historique Paris 2022-2024
2026-06-15,2026-06-21,BVA,Beauvais-Tillé,18,20,0.05,Favorable,Calibré historique Paris 2022-2024
2026-06-22,2026-06-28,CDG,Charles-de-Gaulle,18,20,0.05,Favorable,Calibré historique Paris 2022-2024
2026-06-22,2026-06-28,ORY,Orly,18,20,0.05,Favorable,Calibré historique Paris 2022-2024
2026-06-22,2026-06-28,BVA,Beauvais-Tillé,18,20,0.05,Favorable,Calibré historique Paris 2022-2024
2026-06-29,2026-07-05,CDG,Charles-de-Gaulle,18,20,0.05,Favorable,Calibré historique Paris 2022-2024
2026-06-29,2026-07-05,ORY,Orly,18,20,0.05,Favorable,Calibré historique Paris 2022-2024
2026-06-29,2026-07-05,BVA,Beauvais-Tillé,18,20,0.05,Favorable,Calibré historique Paris 2022-2024
2026-07-06,2026-07-12,CDG,Charles-de-Gaulle,16,23,0.08,Très favorable,Calibré historique Paris 2022-2024
2026-07-06,2026-07-12,ORY,Orly,16,23,0.08,Très favorable,Calibré historique Paris 2022-2024
2026-07-06,2026-07-12,BVA,Beauvais-Tillé,16,23,0.08,Très favorable,Calibré historique Paris 2022-2024
2026-07-13,2026-07-19,CDG,Charles-de-Gaulle,16,23,0.08,Très favorable,Calibré historique Paris 2022-2024
2026-07-13,2026-07-19,ORY,Orly,16,23,0.08,Très favorable,Calibré historique Paris 2022-2024
2026-07-13,2026-07-19,BVA,Beauvais-Tillé,16,23,0.08,Très favorable,Calibré historique Paris 2022-2024
2026-07-20,2026-07-26,CDG,Charles-de-Gaulle,16,23,0.08,Très favorable,Calibré historique Paris 2022-2024
2026-07-20,2026-07-26,ORY,Orly,16,23,0.08,Très favorable,Calibré historique Paris 2022-2024
2026-07-20,2026-07-26,BVA,Beauvais-Tillé,16,23,0.08,Très favorable,Calibré historique Paris 2022-2024
2026-07-27,2026-08-02,CDG,Charles-de-Gaulle,16,23,0.08,Très favorable,Calibré historique Paris 2022-2024
2026-07-27,2026-08-02,ORY,Orly,16,23,0.08,Très favorable,Calibré historique Paris 2022-2024
2026-07-27,2026-08-02,BVA,Beauvais-Tillé,16,23,0.08,Très favorable,Calibré historique Paris 2022-2024
2026-08-03,2026-08-09,CDG,Charles-de-Gaulle,18,23,0.08,Très favorable,Calibré historique Paris 2022-2024
2026-08-03,2026-08-09,ORY,Orly,18,23,0.08,Très favorable,Calibré historique Paris 2022-2024
2026-08-03,2026-08-09,BVA,Beauvais-Tillé,18,23,0.08,Très favorable,Calibré historique Paris 2022-2024
2026-08-10,2026-08-16,CDG,Charles-de-Gaulle,18,23,0.08,Très favorable,Calibré historique Paris 2022-2024
2026-08-10,2026-08-16,ORY,Orly,18,23,0.08,Très favorable,Calibré historique Paris 2022-2024
2026-08-10,2026-08-16,BVA,Beauvais-Tillé,18,23,0.08,Très favorable,Calibré historique Paris 2022-2024
2026-08-17,2026-08-23,CDG,Charles-de-Gaulle,18,23,0.08,Très favorable,Calibré historique Paris 2022-2024
2026-08-17,2026-08-23,ORY,Orly,18,23,0.08,Très favorable,Calibré historique Paris 2022-2024
2026-08-17,2026-08-23,BVA,Beauvais-Tillé,18,23,0.08,Très favorable,Calibré historique Paris 2022-2024
2026-08-24,2026-08-30,CDG,Charles-de-Gaulle,18,23,0.08,Très favorable,Calibré historique Paris 2022-2024
2026-08-24,2026-08-30,ORY,Orly,18,23,0.08,Très favorable,Calibré historique Paris 2022-2024
2026-08-24,2026-08-30,BVA,Beauvais-Tillé,18,23,0.08,Très favorable,Calibré historique Paris 2022-2024
2026-08-31,2026-09-06,CDG,Charles-de-Gaulle,18,23,0.08,Très favorable,Calibré historique Paris 2022-2024
2026-08-31,2026-09-06,ORY,Orly,18,23,0.08,Très favorable,Calibré historique Paris 2022-2024
2026-08-31,2026-09-06,BVA,Beauvais-Tillé,18,23,0.08,Très favorable,Calibré historique Paris 2022-2024
2026-09-07,2026-09-13,CDG,Charles-de-Gaulle,22,19,-0.01,Neutre,Calibré historique Paris 2022-2024
2026-09-07,2026-09-13,ORY,Orly,22,19,-0.01,Neutre,Calibré historique Paris 2022-2024
2026-09-07,2026-09-13,BVA,Beauvais-Tillé,22,19,-0.01,Neutre,Calibré historique Paris 2022-2024
2026-09-14,2026-09-20,CDG,Charles-de-Gaulle,22,19,-0.01,Neutre,Calibré historique Paris 2022-2024
2026-09-14,2026-09-20,ORY,Orly,22,19,-0.01,Neutre,Calibré historique Paris 2022-2024
2026-09-14,2026-09-20,BVA,Beauvais-Tillé,22,19,-0.01,Neutre,Calibré historique Paris 2022-2024
2026-09-21,2026-09-27,CDG,Charles-de-Gaulle,22,19,-0.01,Neutre,Calibré historique Paris 2022-2024
2026-09-21,2026-09-27,ORY,Orly,22,19,-0.01,Neutre,Calibré historique Paris 2022-2024
2026-09-21,2026-09-27,BVA,Beauvais-Tillé,22,19,-0.01,Neutre,Calibré historique Paris 2022-2024
2026-09-28,2026-10-04,CDG,Charles-de-Gaulle,22,19,-0.01,Neutre,Calibré historique Paris 2022-2024
2026-09-28,2026-10-04,ORY,Orly,22,19,-0.01,Neutre,Calibré historique Paris 2022-2024
2026-09-28,2026-10-04,BVA,Beauvais-Tillé,22,19,-0.01,Neutre,Calibré historique Paris 2022-2024
